combo_index,name,architecture,description,num_layers,rotation_order,encoding_mode,reupload_data,shared_entanglers,shared_qcnn,learned_readout,num_parameters,depth,two_qubit_gates,gate_counts,rules_respected,rule_violation,encoding_comment,config_key
0,baseline_readout_head,brickwork_readout,Run-24-style four-layer brickwork with a learned two-angle readout head.,4,RY_RX_RZ,RY,True,False,False,True,98,27,28,"{""cx"": 28, ""measure"": 1, ""rx"": 32, ""ry"": 65, ""rz"": 33}",True,no,"Each raw CSV feature is used directly with no preprocessing: CSV x1..x8 correspond to symbolic x_0..x_7, and each x_i is inserted directly as an RY rotation angle before every variational block. Mapping: x_0->q0, x_1->q1, x_2->q2, x_3->q3, x_4->q4, x_5->q5, x_6->q6, x_7->q7.","architecture=brickwork_readout|batch_size=64|class_weight_1_multiplier=0.95|description=Run-24-style four-layer brickwork with a learned two-angle readout head.|encoding_mode=RY|entangler_init_scale=0.0|feature_order=(0, 1, 2, 3, 4, 5, 6, 7)|init_scale=0.01|learned_readout=True|lr=0.03|measured_qubit=0|name=baseline_readout_head|num_epochs=200|num_layers=4|patience=50|reupload_data=True|rotation_order=RY_RX_RZ|seed=0|shared_entanglers=False|shared_qcnn=False|split_seed=0|use_initial_h=False|validation_interval=5"
1,ttn_ry_rx_rz,ttn,Four-layer inward binary-tree funnel toward measured qubit q0.,4,RY_RX_RZ,RY,True,False,False,True,98,31,28,"{""cx"": 28, ""measure"": 1, ""rx"": 32, ""ry"": 65, ""rz"": 33}",True,no,"Each raw CSV feature is used directly with no preprocessing: CSV x1..x8 correspond to symbolic x_0..x_7, and each x_i is inserted directly as an RY rotation angle before every variational block. Mapping: x_0->q0, x_1->q1, x_2->q2, x_3->q3, x_4->q4, x_5->q5, x_6->q6, x_7->q7.","architecture=ttn|batch_size=64|class_weight_1_multiplier=0.95|description=Four-layer inward binary-tree funnel toward measured qubit q0.|encoding_mode=RY|entangler_init_scale=0.0|feature_order=(0, 1, 2, 3, 4, 5, 6, 7)|init_scale=0.01|learned_readout=True|lr=0.03|measured_qubit=0|name=ttn_ry_rx_rz|num_epochs=200|num_layers=4|patience=50|reupload_data=True|rotation_order=RY_RX_RZ|seed=0|shared_entanglers=False|shared_qcnn=False|split_seed=0|use_initial_h=False|validation_interval=5"
2,ttn_ry_rz_rx,ttn,Four-layer inward TTN using the former best RY_RZ_RX local order.,4,RY_RZ_RX,RY,True,False,False,True,98,31,28,"{""cx"": 28, ""measure"": 1, ""rx"": 32, ""ry"": 65, ""rz"": 33}",True,no,"Each raw CSV feature is used directly with no preprocessing: CSV x1..x8 correspond to symbolic x_0..x_7, and each x_i is inserted directly as an RY rotation angle before every variational block. Mapping: x_0->q0, x_1->q1, x_2->q2, x_3->q3, x_4->q4, x_5->q5, x_6->q6, x_7->q7.","architecture=ttn|batch_size=64|class_weight_1_multiplier=0.95|description=Four-layer inward TTN using the former best RY_RZ_RX local order.|encoding_mode=RY|entangler_init_scale=0.0|feature_order=(0, 1, 2, 3, 4, 5, 6, 7)|init_scale=0.01|learned_readout=True|lr=0.03|measured_qubit=0|name=ttn_ry_rz_rx|num_epochs=200|num_layers=4|patience=50|reupload_data=True|rotation_order=RY_RZ_RX|seed=0|shared_entanglers=False|shared_qcnn=False|split_seed=0|use_initial_h=False|validation_interval=5"
3,ttn_two_rot,ttn,Lower-capacity four-layer inward TTN with two local rotations.,4,RY_RX,RY,True,False,False,True,66,27,28,"{""cx"": 28, ""measure"": 1, ""rx"": 32, ""ry"": 65, ""rz"": 1}",True,no,"Each raw CSV feature is used directly with no preprocessing: CSV x1..x8 correspond to symbolic x_0..x_7, and each x_i is inserted directly as an RY rotation angle before every variational block. Mapping: x_0->q0, x_1->q1, x_2->q2, x_3->q3, x_4->q4, x_5->q5, x_6->q6, x_7->q7.","architecture=ttn|batch_size=64|class_weight_1_multiplier=0.95|description=Lower-capacity four-layer inward TTN with two local rotations.|encoding_mode=RY|entangler_init_scale=0.0|feature_order=(0, 1, 2, 3, 4, 5, 6, 7)|init_scale=0.01|learned_readout=True|lr=0.03|measured_qubit=0|name=ttn_two_rot|num_epochs=200|num_layers=4|patience=50|reupload_data=True|rotation_order=RY_RX|seed=0|shared_entanglers=False|shared_qcnn=False|split_seed=0|use_initial_h=False|validation_interval=5"
4,butterfly_six_two_rot,butterfly,Six-layer long-range butterfly with only four CX gates per block.,6,RY_RX,RY,True,False,False,True,98,27,24,"{""cx"": 24, ""measure"": 1, ""rx"": 48, ""ry"": 97, ""rz"": 1}",True,no,"Each raw CSV feature is used directly with no preprocessing: CSV x1..x8 correspond to symbolic x_0..x_7, and each x_i is inserted directly as an RY rotation angle before every variational block. Mapping: x_0->q0, x_1->q1, x_2->q2, x_3->q3, x_4->q4, x_5->q5, x_6->q6, x_7->q7.","architecture=butterfly|batch_size=64|class_weight_1_multiplier=0.95|description=Six-layer long-range butterfly with only four CX gates per block.|encoding_mode=RY|entangler_init_scale=0.0|feature_order=(0, 1, 2, 3, 4, 5, 6, 7)|init_scale=0.01|learned_readout=True|lr=0.03|measured_qubit=0|name=butterfly_six_two_rot|num_epochs=200|num_layers=6|patience=50|reupload_data=True|rotation_order=RY_RX|seed=0|shared_entanglers=False|shared_qcnn=False|split_seed=0|use_initial_h=False|validation_interval=5"
5,butterfly_six_three_rot,butterfly,Six-layer long-range butterfly with RY_RX_RZ local rotations.,6,RY_RX_RZ,RY,True,False,False,True,146,33,24,"{""cx"": 24, ""measure"": 1, ""rx"": 48, ""ry"": 97, ""rz"": 49}",True,no,"Each raw CSV feature is used directly with no preprocessing: CSV x1..x8 correspond to symbolic x_0..x_7, and each x_i is inserted directly as an RY rotation angle before every variational block. Mapping: x_0->q0, x_1->q1, x_2->q2, x_3->q3, x_4->q4, x_5->q5, x_6->q6, x_7->q7.","architecture=butterfly|batch_size=64|class_weight_1_multiplier=0.95|description=Six-layer long-range butterfly with RY_RX_RZ local rotations.|encoding_mode=RY|entangler_init_scale=0.0|feature_order=(0, 1, 2, 3, 4, 5, 6, 7)|init_scale=0.01|learned_readout=True|lr=0.03|measured_qubit=0|name=butterfly_six_three_rot|num_epochs=200|num_layers=6|patience=50|reupload_data=True|rotation_order=RY_RX_RZ|seed=0|shared_entanglers=False|shared_qcnn=False|split_seed=0|use_initial_h=False|validation_interval=5"
6,ring_funnel,ring_funnel,Four-layer two-stage directed ring that repeatedly routes information toward q0.,4,RY_RX_RZ,RY,True,False,False,True,98,27,32,"{""cx"": 32, ""measure"": 1, ""rx"": 32, ""ry"": 65, ""rz"": 33}",True,no,"Each raw CSV feature is used directly with no preprocessing: CSV x1..x8 correspond to symbolic x_0..x_7, and each x_i is inserted directly as an RY rotation angle before every variational block. Mapping: x_0->q0, x_1->q1, x_2->q2, x_3->q3, x_4->q4, x_5->q5, x_6->q6, x_7->q7.","architecture=ring_funnel|batch_size=64|class_weight_1_multiplier=0.95|description=Four-layer two-stage directed ring that repeatedly routes information toward q0.|encoding_mode=RY|entangler_init_scale=0.0|feature_order=(0, 1, 2, 3, 4, 5, 6, 7)|init_scale=0.01|learned_readout=True|lr=0.03|measured_qubit=0|name=ring_funnel|num_epochs=200|num_layers=4|patience=50|reupload_data=True|rotation_order=RY_RX_RZ|seed=0|shared_entanglers=False|shared_qcnn=False|split_seed=0|use_initial_h=False|validation_interval=5"
7,rzz_butterfly_shared,rzz_butterfly,Five-layer butterfly with one identity-initialized shared RZZ angle per layer.,5,RY_RX,RY,True,True,False,True,87,33,40,"{""cx"": 40, ""measure"": 1, ""rx"": 40, ""ry"": 81, ""rz"": 21}",True,no,"Each raw CSV feature is used directly with no preprocessing: CSV x1..x8 correspond to symbolic x_0..x_7, and each x_i is inserted directly as an RY rotation angle before every variational block. Mapping: x_0->q0, x_1->q1, x_2->q2, x_3->q3, x_4->q4, x_5->q5, x_6->q6, x_7->q7.","architecture=rzz_butterfly|batch_size=64|class_weight_1_multiplier=0.95|description=Five-layer butterfly with one identity-initialized shared RZZ angle per layer.|encoding_mode=RY|entangler_init_scale=0.0|feature_order=(0, 1, 2, 3, 4, 5, 6, 7)|init_scale=0.01|learned_readout=True|lr=0.03|measured_qubit=0|name=rzz_butterfly_shared|num_epochs=200|num_layers=5|patience=50|reupload_data=True|rotation_order=RY_RX|seed=0|shared_entanglers=True|shared_qcnn=False|split_seed=0|use_initial_h=False|validation_interval=5"
8,rzz_butterfly_separate,rzz_butterfly,Five-layer butterfly with separate identity-initialized RZZ angles per edge.,5,RY_RX,RY,True,False,False,True,102,33,40,"{""cx"": 40, ""measure"": 1, ""rx"": 40, ""ry"": 81, ""rz"": 21}",True,no,"Each raw CSV feature is used directly with no preprocessing: CSV x1..x8 correspond to symbolic x_0..x_7, and each x_i is inserted directly as an RY rotation angle before every variational block. Mapping: x_0->q0, x_1->q1, x_2->q2, x_3->q3, x_4->q4, x_5->q5, x_6->q6, x_7->q7.","architecture=rzz_butterfly|batch_size=64|class_weight_1_multiplier=0.95|description=Five-layer butterfly with separate identity-initialized RZZ angles per edge.|encoding_mode=RY|entangler_init_scale=0.0|feature_order=(0, 1, 2, 3, 4, 5, 6, 7)|init_scale=0.01|learned_readout=True|lr=0.03|measured_qubit=0|name=rzz_butterfly_separate|num_epochs=200|num_layers=5|patience=50|reupload_data=True|rotation_order=RY_RX|seed=0|shared_entanglers=False|shared_qcnn=False|split_seed=0|use_initial_h=False|validation_interval=5"
9,qcnn_shared,qcnn,Shared-parameter QCNN-style 8-to-4-to-2-to-1 hierarchy.,3,RY_RZ,RY,False,False,True,True,17,19,14,"{""cx"": 14, ""measure"": 1, ""ry"": 30, ""rz"": 15}",True,no,"Each raw CSV feature is used directly with no preprocessing: CSV x1..x8 correspond to symbolic x_0..x_7, and each x_i is inserted directly as an RY rotation angle once at the start of the circuit. Mapping: x_0->q0, x_1->q1, x_2->q2, x_3->q3, x_4->q4, x_5->q5, x_6->q6, x_7->q7.","architecture=qcnn|batch_size=64|class_weight_1_multiplier=0.95|description=Shared-parameter QCNN-style 8-to-4-to-2-to-1 hierarchy.|encoding_mode=RY|entangler_init_scale=0.0|feature_order=(0, 1, 2, 3, 4, 5, 6, 7)|init_scale=0.01|learned_readout=True|lr=0.03|measured_qubit=0|name=qcnn_shared|num_epochs=200|num_layers=3|patience=50|reupload_data=False|rotation_order=RY_RZ|seed=0|shared_entanglers=False|shared_qcnn=True|split_seed=0|use_initial_h=False|validation_interval=5"
10,mps_bus,mps_bus,Sequential two-CX readout-bus circuit that feeds q1..q7 into q0.,7,RY_RZ,RY,False,False,False,True,30,39,14,"{""cx"": 14, ""measure"": 1, ""ry"": 30, ""rz"": 8}",True,no,"Each raw CSV feature is used directly with no preprocessing: CSV x1..x8 correspond to symbolic x_0..x_7, and each x_i is inserted directly as an RY rotation angle once at the start of the circuit. Mapping: x_0->q0, x_1->q1, x_2->q2, x_3->q3, x_4->q4, x_5->q5, x_6->q6, x_7->q7.","architecture=mps_bus|batch_size=64|class_weight_1_multiplier=0.95|description=Sequential two-CX readout-bus circuit that feeds q1..q7 into q0.|encoding_mode=RY|entangler_init_scale=0.0|feature_order=(0, 1, 2, 3, 4, 5, 6, 7)|init_scale=0.01|learned_readout=True|lr=0.03|measured_qubit=0|name=mps_bus|num_epochs=200|num_layers=7|patience=50|reupload_data=False|rotation_order=RY_RZ|seed=0|shared_entanglers=False|shared_qcnn=False|split_seed=0|use_initial_h=False|validation_interval=5"
11,phase_rzz,phase_rzz,Four-layer H+RZ phase encoding with butterfly RZZ interactions.,4,RY_RX,RZ,True,False,False,True,82,28,32,"{""cx"": 32, ""h"": 8, ""measure"": 1, ""rx"": 32, ""ry"": 33, ""rz"": 49}",True,no,"Each raw CSV feature is used directly with no preprocessing: CSV x1..x8 correspond to symbolic x_0..x_7. An H gate first creates superposition, then each x_i is inserted directly as an RZ angle before every variational block. Mapping: x_0->q0, x_1->q1, x_2->q2, x_3->q3, x_4->q4, x_5->q5, x_6->q6, x_7->q7.","architecture=phase_rzz|batch_size=64|class_weight_1_multiplier=0.95|description=Four-layer H+RZ phase encoding with butterfly RZZ interactions.|encoding_mode=RZ|entangler_init_scale=0.0|feature_order=(0, 1, 2, 3, 4, 5, 6, 7)|init_scale=0.01|learned_readout=True|lr=0.03|measured_qubit=0|name=phase_rzz|num_epochs=200|num_layers=4|patience=50|reupload_data=True|rotation_order=RY_RX|seed=0|shared_entanglers=False|shared_qcnn=False|split_seed=0|use_initial_h=True|validation_interval=5"
