combo_index,name,config_key,status,architecture,description,num_layers,rotation_order,encoding_mode,measured_qubit,reupload_data,shared_entanglers,shared_qcnn,learned_readout,lr,batch_size,epochs_run,seed,split_seed,init_scale,entangler_init_scale,class_weight_1_multiplier,threshold,best_val_bal_acc,val_recall_0,val_recall_1,public_bal_acc_exact,public_recall_0,public_recall_1,shot_bacc_mean,shot_bacc_std,shot_bacc_min,shot_bacc_max,shots,shot_mode,shot_repeats,depth,two_qubit_gates,num_parameters,gate_counts,rules_respected,rule_violation,encoding_comment,artifacts_dir,error
0,baseline_readout_head,"architecture=brickwork_readout|batch_size=64|class_weight_1_multiplier=0.95|description=Run-24-style four-layer brickwork with a learned two-angle readout head.|encoding_mode=RY|entangler_init_scale=0.0|feature_order=(0, 1, 2, 3, 4, 5, 6, 7)|init_scale=0.01|learned_readout=True|lr=0.03|measured_qubit=0|name=baseline_readout_head|num_epochs=200|num_layers=4|patience=50|reupload_data=True|rotation_order=RY_RX_RZ|seed=0|shared_entanglers=False|shared_qcnn=False|split_seed=0|use_initial_h=False|validation_interval=5",trained,brickwork_readout,Run-24-style four-layer brickwork with a learned two-angle readout head.,4,RY_RX_RZ,RY,0,True,False,False,True,0.03,64,75,0,0,0.01,0.0,0.95,0.49795469002086157,0.7676791673317274,0.6958934517203108,0.8394648829431438,0.7735331026725634,0.7103861517976032,0.8366800535475234,0.7724621522040225,0.0008705579893817712,0.7713031442235876,0.7734221395123325,1024,manual,5,27,28,98,"{""cx"": 28, ""measure"": 1, ""rx"": 32, ""ry"": 65, ""rz"": 33}",yes,no,"Each raw CSV feature is used directly with no preprocessing: CSV x1..x8 correspond to symbolic x_0..x_7, and each x_i is inserted directly as an RY rotation angle before every variational block. Mapping: x_0->q0, x_1->q1, x_2->q2, x_3->q3, x_4->q4, x_5->q5, x_6->q6, x_7->q7.",architecture_artifacts\run_0000_baseline_readout_head,
1,ttn_ry_rx_rz,"architecture=ttn|batch_size=64|class_weight_1_multiplier=0.95|description=Four-layer inward binary-tree funnel toward measured qubit q0.|encoding_mode=RY|entangler_init_scale=0.0|feature_order=(0, 1, 2, 3, 4, 5, 6, 7)|init_scale=0.01|learned_readout=True|lr=0.03|measured_qubit=0|name=ttn_ry_rx_rz|num_epochs=200|num_layers=4|patience=50|reupload_data=True|rotation_order=RY_RX_RZ|seed=0|shared_entanglers=False|shared_qcnn=False|split_seed=0|use_initial_h=False|validation_interval=5",trained,ttn,Four-layer inward binary-tree funnel toward measured qubit q0.,4,RY_RX_RZ,RY,0,True,False,False,True,0.03,64,175,0,0,0.01,0.0,0.95,0.40628401107831136,0.7650455272662482,0.6270810210876804,0.903010033444816,0.7563315846608806,0.6351531291611185,0.8775100401606426,0.755286391905839,0.0006080827898157919,0.7544380807740505,0.7558859494792307,1024,manual,5,31,28,98,"{""cx"": 28, ""measure"": 1, ""rx"": 32, ""ry"": 65, ""rz"": 33}",yes,no,"Each raw CSV feature is used directly with no preprocessing: CSV x1..x8 correspond to symbolic x_0..x_7, and each x_i is inserted directly as an RY rotation angle before every variational block. Mapping: x_0->q0, x_1->q1, x_2->q2, x_3->q3, x_4->q4, x_5->q5, x_6->q6, x_7->q7.",architecture_artifacts\run_0001_ttn_ry_rx_rz,
2,ttn_ry_rz_rx,"architecture=ttn|batch_size=64|class_weight_1_multiplier=0.95|description=Four-layer inward TTN using the former best RY_RZ_RX local order.|encoding_mode=RY|entangler_init_scale=0.0|feature_order=(0, 1, 2, 3, 4, 5, 6, 7)|init_scale=0.01|learned_readout=True|lr=0.03|measured_qubit=0|name=ttn_ry_rz_rx|num_epochs=200|num_layers=4|patience=50|reupload_data=True|rotation_order=RY_RZ_RX|seed=0|shared_entanglers=False|shared_qcnn=False|split_seed=0|use_initial_h=False|validation_interval=5",trained,ttn,Four-layer inward TTN using the former best RY_RZ_RX local order.,4,RY_RZ_RX,RY,0,True,False,False,True,0.03,64,200,0,0,0.01,0.0,0.95,0.4451794330367578,0.7699286188887116,0.6870144284128746,0.8528428093645485,0.7685130223512782,0.7103861517976032,0.8266398929049531,0.766754813305597,0.0008294898947005796,0.7652879605416785,0.7675107888277477,1024,manual,5,31,28,98,"{""cx"": 28, ""measure"": 1, ""rx"": 32, ""ry"": 65, ""rz"": 33}",yes,no,"Each raw CSV feature is used directly with no preprocessing: CSV x1..x8 correspond to symbolic x_0..x_7, and each x_i is inserted directly as an RY rotation angle before every variational block. Mapping: x_0->q0, x_1->q1, x_2->q2, x_3->q3, x_4->q4, x_5->q5, x_6->q6, x_7->q7.",architecture_artifacts\run_0002_ttn_ry_rz_rx,
3,ttn_two_rot,"architecture=ttn|batch_size=64|class_weight_1_multiplier=0.95|description=Lower-capacity four-layer inward TTN with two local rotations.|encoding_mode=RY|entangler_init_scale=0.0|feature_order=(0, 1, 2, 3, 4, 5, 6, 7)|init_scale=0.01|learned_readout=True|lr=0.03|measured_qubit=0|name=ttn_two_rot|num_epochs=200|num_layers=4|patience=50|reupload_data=True|rotation_order=RY_RX|seed=0|shared_entanglers=False|shared_qcnn=False|split_seed=0|use_initial_h=False|validation_interval=5",trained,ttn,Lower-capacity four-layer inward TTN with two local rotations.,4,RY_RX,RY,0,True,False,False,True,0.03,64,200,0,0,0.01,0.0,0.95,0.5485129029732987,0.7391248668332102,0.7524972253052165,0.725752508361204,0.7471448153911696,0.7747447847314691,0.7195448460508701,0.7432239388089419,0.0013781152415092523,0.7410151034675765,0.7451367832626556,1024,manual,5,27,28,66,"{""cx"": 28, ""measure"": 1, ""rx"": 32, ""ry"": 65, ""rz"": 1}",yes,no,"Each raw CSV feature is used directly with no preprocessing: CSV x1..x8 correspond to symbolic x_0..x_7, and each x_i is inserted directly as an RY rotation angle before every variational block. Mapping: x_0->q0, x_1->q1, x_2->q2, x_3->q3, x_4->q4, x_5->q5, x_6->q6, x_7->q7.",architecture_artifacts\run_0003_ttn_two_rot,
4,butterfly_six_two_rot,"architecture=butterfly|batch_size=64|class_weight_1_multiplier=0.95|description=Six-layer long-range butterfly with only four CX gates per block.|encoding_mode=RY|entangler_init_scale=0.0|feature_order=(0, 1, 2, 3, 4, 5, 6, 7)|init_scale=0.01|learned_readout=True|lr=0.03|measured_qubit=0|name=butterfly_six_two_rot|num_epochs=200|num_layers=6|patience=50|reupload_data=True|rotation_order=RY_RX|seed=0|shared_entanglers=False|shared_qcnn=False|split_seed=0|use_initial_h=False|validation_interval=5",trained,butterfly,Six-layer long-range butterfly with only four CX gates per block.,6,RY_RX,RY,0,True,False,False,True,0.03,64,165,0,0,0.01,0.0,0.95,0.5576581456434339,0.7770240424055026,0.7547169811320755,0.7993311036789298,0.7676992925095856,0.7643142476697736,0.7710843373493976,0.7685200633871483,0.0014056563494618546,0.7670246008445678,0.7702603578985271,1024,manual,5,27,24,98,"{""cx"": 24, ""measure"": 1, ""rx"": 48, ""ry"": 97, ""rz"": 1}",yes,no,"Each raw CSV feature is used directly with no preprocessing: CSV x1..x8 correspond to symbolic x_0..x_7, and each x_i is inserted directly as an RY rotation angle before every variational block. Mapping: x_0->q0, x_1->q1, x_2->q2, x_3->q3, x_4->q4, x_5->q5, x_6->q6, x_7->q7.",architecture_artifacts\run_0004_butterfly_six_two_rot,
5,butterfly_six_three_rot,"architecture=butterfly|batch_size=64|class_weight_1_multiplier=0.95|description=Six-layer long-range butterfly with RY_RX_RZ local rotations.|encoding_mode=RY|entangler_init_scale=0.0|feature_order=(0, 1, 2, 3, 4, 5, 6, 7)|init_scale=0.01|learned_readout=True|lr=0.03|measured_qubit=0|name=butterfly_six_three_rot|num_epochs=200|num_layers=6|patience=50|reupload_data=True|rotation_order=RY_RX_RZ|seed=0|shared_entanglers=False|shared_qcnn=False|split_seed=0|use_initial_h=False|validation_interval=5",trained,butterfly,Six-layer long-range butterfly with RY_RX_RZ local rotations.,6,RY_RX_RZ,RY,0,True,False,False,True,0.03,64,185,0,0,0.01,0.0,0.95,0.4109966798603546,0.7760997628053556,0.6692563817980022,0.882943143812709,0.7773000568630493,0.6784287616511319,0.8761713520749665,0.777364852218461,0.001095510672753187,0.7760741144783305,0.7786333973265454,1024,manual,5,33,24,146,"{""cx"": 24, ""measure"": 1, ""rx"": 48, ""ry"": 97, ""rz"": 49}",yes,no,"Each raw CSV feature is used directly with no preprocessing: CSV x1..x8 correspond to symbolic x_0..x_7, and each x_i is inserted directly as an RY rotation angle before every variational block. Mapping: x_0->q0, x_1->q1, x_2->q2, x_3->q3, x_4->q4, x_5->q5, x_6->q6, x_7->q7.",architecture_artifacts\run_0005_butterfly_six_three_rot,
6,ring_funnel,"architecture=ring_funnel|batch_size=64|class_weight_1_multiplier=0.95|description=Four-layer two-stage directed ring that repeatedly routes information toward q0.|encoding_mode=RY|entangler_init_scale=0.0|feature_order=(0, 1, 2, 3, 4, 5, 6, 7)|init_scale=0.01|learned_readout=True|lr=0.03|measured_qubit=0|name=ring_funnel|num_epochs=200|num_layers=4|patience=50|reupload_data=True|rotation_order=RY_RX_RZ|seed=0|shared_entanglers=False|shared_qcnn=False|split_seed=0|use_initial_h=False|validation_interval=5",trained,ring_funnel,Four-layer two-stage directed ring that repeatedly routes information toward q0.,4,RY_RX_RZ,RY,0,True,False,False,True,0.03,64,160,0,0,0.01,0.0,0.95,0.496991620564056,0.7569868485035208,0.7413984461709212,0.7725752508361204,0.7503676490248612,0.7376830892143809,0.7630522088353414,0.7485600636010531,0.0015119406100345574,0.7465735110882945,0.7501421576229463,1024,manual,5,27,32,98,"{""cx"": 32, ""measure"": 1, ""rx"": 32, ""ry"": 65, ""rz"": 33}",yes,no,"Each raw CSV feature is used directly with no preprocessing: CSV x1..x8 correspond to symbolic x_0..x_7, and each x_i is inserted directly as an RY rotation angle before every variational block. Mapping: x_0->q0, x_1->q1, x_2->q2, x_3->q3, x_4->q4, x_5->q5, x_6->q6, x_7->q7.",architecture_artifacts\run_0006_ring_funnel,
7,rzz_butterfly_shared,"architecture=rzz_butterfly|batch_size=64|class_weight_1_multiplier=0.95|description=Five-layer butterfly with one identity-initialized shared RZZ angle per layer.|encoding_mode=RY|entangler_init_scale=0.0|feature_order=(0, 1, 2, 3, 4, 5, 6, 7)|init_scale=0.01|learned_readout=True|lr=0.03|measured_qubit=0|name=rzz_butterfly_shared|num_epochs=200|num_layers=5|patience=50|reupload_data=True|rotation_order=RY_RX|seed=0|shared_entanglers=True|shared_qcnn=False|split_seed=0|use_initial_h=False|validation_interval=5",trained,rzz_butterfly,Five-layer butterfly with one identity-initialized shared RZZ angle per layer.,5,RY_RX,RY,0,True,True,False,True,0.03,64,200,0,0,0.01,0.0,0.95,0.5169148704306483,0.7858882178478762,0.779134295227525,0.7926421404682275,0.8028741686675687,0.7931646693297825,0.8125836680053548,0.8003567755264289,0.0008473197703894725,0.7994236154560541,0.8017609719838075,1024,manual,5,33,40,87,"{""cx"": 40, ""measure"": 1, ""rx"": 40, ""ry"": 81, ""rz"": 21}",yes,no,"Each raw CSV feature is used directly with no preprocessing: CSV x1..x8 correspond to symbolic x_0..x_7, and each x_i is inserted directly as an RY rotation angle before every variational block. Mapping: x_0->q0, x_1->q1, x_2->q2, x_3->q3, x_4->q4, x_5->q5, x_6->q6, x_7->q7.",architecture_artifacts\run_0007_rzz_butterfly_shared,
8,rzz_butterfly_separate,"architecture=rzz_butterfly|batch_size=64|class_weight_1_multiplier=0.95|description=Five-layer butterfly with separate identity-initialized RZZ angles per edge.|encoding_mode=RY|entangler_init_scale=0.0|feature_order=(0, 1, 2, 3, 4, 5, 6, 7)|init_scale=0.01|learned_readout=True|lr=0.03|measured_qubit=0|name=rzz_butterfly_separate|num_epochs=200|num_layers=5|patience=50|reupload_data=True|rotation_order=RY_RX|seed=0|shared_entanglers=False|shared_qcnn=False|split_seed=0|use_initial_h=False|validation_interval=5",trained,rzz_butterfly,Five-layer butterfly with separate identity-initialized RZZ angles per edge.,5,RY_RX,RY,0,True,False,False,True,0.03,64,200,0,0,0.01,0.0,0.95,0.4920345283458929,0.7832174581197406,0.7269700332963374,0.8394648829431438,0.7951923094062892,0.7456724367509987,0.8447121820615796,0.7931670757597635,0.0012103781850437087,0.791405301632629,0.7946357110644084,1024,manual,5,33,40,102,"{""cx"": 40, ""measure"": 1, ""rx"": 40, ""ry"": 81, ""rz"": 21}",yes,no,"Each raw CSV feature is used directly with no preprocessing: CSV x1..x8 correspond to symbolic x_0..x_7, and each x_i is inserted directly as an RY rotation angle before every variational block. Mapping: x_0->q0, x_1->q1, x_2->q2, x_3->q3, x_4->q4, x_5->q5, x_6->q6, x_7->q7.",architecture_artifacts\run_0008_rzz_butterfly_separate,
9,qcnn_shared,"architecture=qcnn|batch_size=64|class_weight_1_multiplier=0.95|description=Shared-parameter QCNN-style 8-to-4-to-2-to-1 hierarchy.|encoding_mode=RY|entangler_init_scale=0.0|feature_order=(0, 1, 2, 3, 4, 5, 6, 7)|init_scale=0.01|learned_readout=True|lr=0.03|measured_qubit=0|name=qcnn_shared|num_epochs=200|num_layers=3|patience=50|reupload_data=False|rotation_order=RY_RZ|seed=0|shared_entanglers=False|shared_qcnn=True|split_seed=0|use_initial_h=False|validation_interval=5",trained,qcnn,Shared-parameter QCNN-style 8-to-4-to-2-to-1 hierarchy.,3,RY_RZ,RY,0,False,False,True,True,0.03,64,100,0,0,0.01,0.0,0.95,0.44260011888687134,0.7683231934788177,0.6570477247502775,0.8795986622073578,0.7664974144246761,0.6715490457168221,0.8614457831325302,0.7664606049586717,0.0016864966415126685,0.7646970482908109,0.769488072128728,1024,manual,5,19,14,17,"{""cx"": 14, ""measure"": 1, ""ry"": 30, ""rz"": 15}",yes,no,"Each raw CSV feature is used directly with no preprocessing: CSV x1..x8 correspond to symbolic x_0..x_7, and each x_i is inserted directly as an RY rotation angle once at the start of the circuit. Mapping: x_0->q0, x_1->q1, x_2->q2, x_3->q3, x_4->q4, x_5->q5, x_6->q6, x_7->q7.",architecture_artifacts\run_0009_qcnn_shared,
10,mps_bus,"architecture=mps_bus|batch_size=64|class_weight_1_multiplier=0.95|description=Sequential two-CX readout-bus circuit that feeds q1..q7 into q0.|encoding_mode=RY|entangler_init_scale=0.0|feature_order=(0, 1, 2, 3, 4, 5, 6, 7)|init_scale=0.01|learned_readout=True|lr=0.03|measured_qubit=0|name=mps_bus|num_epochs=200|num_layers=7|patience=50|reupload_data=False|rotation_order=RY_RZ|seed=0|shared_entanglers=False|shared_qcnn=False|split_seed=0|use_initial_h=False|validation_interval=5",trained,mps_bus,Sequential two-CX readout-bus circuit that feeds q1..q7 into q0.,7,RY_RZ,RY,0,False,False,False,True,0.03,64,165,0,0,0.01,0.0,0.95,0.5506002557211553,0.758577426048352,0.7780244173140954,0.7391304347826086,0.7440846385987804,0.7927208166888593,0.6954484605087015,0.7450915067282,0.001309353111609895,0.7427530806760108,0.74642912528944,1024,manual,5,39,14,30,"{""cx"": 14, ""measure"": 1, ""ry"": 30, ""rz"": 8}",yes,no,"Each raw CSV feature is used directly with no preprocessing: CSV x1..x8 correspond to symbolic x_0..x_7, and each x_i is inserted directly as an RY rotation angle once at the start of the circuit. Mapping: x_0->q0, x_1->q1, x_2->q2, x_3->q3, x_4->q4, x_5->q5, x_6->q6, x_7->q7.",architecture_artifacts\run_0010_mps_bus,
11,phase_rzz,"architecture=phase_rzz|batch_size=64|class_weight_1_multiplier=0.95|description=Four-layer H+RZ phase encoding with butterfly RZZ interactions.|encoding_mode=RZ|entangler_init_scale=0.0|feature_order=(0, 1, 2, 3, 4, 5, 6, 7)|init_scale=0.01|learned_readout=True|lr=0.03|measured_qubit=0|name=phase_rzz|num_epochs=200|num_layers=4|patience=50|reupload_data=True|rotation_order=RY_RX|seed=0|shared_entanglers=False|shared_qcnn=False|split_seed=0|use_initial_h=True|validation_interval=5",trained,phase_rzz,Four-layer H+RZ phase encoding with butterfly RZZ interactions.,4,RY_RX,RZ,0,True,False,False,True,0.03,64,200,0,0,0.01,0.0,0.95,0.4643820490178536,0.788811391282076,0.7180910099889012,0.8595317725752508,0.8034713198109794,0.7367953839325344,0.8701472556894244,0.8014958190507258,0.0009241352420823859,0.8002480405421063,0.802812671012501,1024,manual,5,28,32,82,"{""cx"": 32, ""h"": 8, ""measure"": 1, ""rx"": 32, ""ry"": 33, ""rz"": 49}",yes,no,"Each raw CSV feature is used directly with no preprocessing: CSV x1..x8 correspond to symbolic x_0..x_7. An H gate first creates superposition, then each x_i is inserted directly as an RZ angle before every variational block. Mapping: x_0->q0, x_1->q1, x_2->q2, x_3->q3, x_4->q4, x_5->q5, x_6->q6, x_7->q7.",architecture_artifacts\run_0011_phase_rzz,
