lr,batch_size,num_epochs,patience,num_layers,entangler,measured_qubit,seed,rotation_order,encoding_mode,use_initial_h,measurement_basis,reupload_data,init_scale,class_weight_1_multiplier,combo_index,config_key,num_train_rot_per_qubit,num_parameters
0.02,64,200,50,5,brickwork_alternating,0,0,RY_RZ_RX,RY,False,Z,True,0.01,1.0,0,lr=0.02|bs=64|epochs=200|patience=50|layers=5|ent=brickwork_alternating|mq=0|seed=0|rot=RY_RZ_RX|enc=RY|h=False|mb=Z|reupload=True|init=0.01|cw1m=1.0,3,121
0.02,64,200,50,5,brickwork_alternating,1,0,RY_RZ_RX,RY,False,Z,True,0.01,1.0,1,lr=0.02|bs=64|epochs=200|patience=50|layers=5|ent=brickwork_alternating|mq=1|seed=0|rot=RY_RZ_RX|enc=RY|h=False|mb=Z|reupload=True|init=0.01|cw1m=1.0,3,121
0.02,64,200,50,5,brickwork_alternating,3,0,RY_RZ_RX,RY,False,Z,True,0.01,1.0,2,lr=0.02|bs=64|epochs=200|patience=50|layers=5|ent=brickwork_alternating|mq=3|seed=0|rot=RY_RZ_RX|enc=RY|h=False|mb=Z|reupload=True|init=0.01|cw1m=1.0,3,121
0.02,64,200,50,5,brickwork_alternating,4,0,RY_RZ_RX,RY,False,Z,True,0.01,1.0,3,lr=0.02|bs=64|epochs=200|patience=50|layers=5|ent=brickwork_alternating|mq=4|seed=0|rot=RY_RZ_RX|enc=RY|h=False|mb=Z|reupload=True|init=0.01|cw1m=1.0,3,121
0.02,64,200,50,5,brickwork_alternating,2,0,RY_RZ_RX,RY,False,Z,True,0.01,1.0,4,lr=0.02|bs=64|epochs=200|patience=50|layers=5|ent=brickwork_alternating|mq=2|seed=0|rot=RY_RZ_RX|enc=RY|h=False|mb=Z|reupload=True|init=0.01|cw1m=1.0,3,121
0.02,64,200,50,5,brickwork_alternating,5,0,RY_RZ_RX,RY,False,Z,True,0.01,1.0,5,lr=0.02|bs=64|epochs=200|patience=50|layers=5|ent=brickwork_alternating|mq=5|seed=0|rot=RY_RZ_RX|enc=RY|h=False|mb=Z|reupload=True|init=0.01|cw1m=1.0,3,121
0.02,64,200,50,5,brickwork_alternating,6,0,RY_RZ_RX,RY,False,Z,True,0.01,1.0,6,lr=0.02|bs=64|epochs=200|patience=50|layers=5|ent=brickwork_alternating|mq=6|seed=0|rot=RY_RZ_RX|enc=RY|h=False|mb=Z|reupload=True|init=0.01|cw1m=1.0,3,121
0.02,64,200,50,5,brickwork_alternating,7,0,RY_RZ_RX,RY,False,Z,True,0.01,1.0,7,lr=0.02|bs=64|epochs=200|patience=50|layers=5|ent=brickwork_alternating|mq=7|seed=0|rot=RY_RZ_RX|enc=RY|h=False|mb=Z|reupload=True|init=0.01|cw1m=1.0,3,121
0.02,64,200,50,5,brickwork_alternating,0,1,RY_RZ_RX,RY,False,Z,True,0.01,1.0,8,lr=0.02|bs=64|epochs=200|patience=50|layers=5|ent=brickwork_alternating|mq=0|seed=1|rot=RY_RZ_RX|enc=RY|h=False|mb=Z|reupload=True|init=0.01|cw1m=1.0,3,121
0.02,64,200,50,5,brickwork_alternating,0,2,RY_RZ_RX,RY,False,Z,True,0.01,1.0,9,lr=0.02|bs=64|epochs=200|patience=50|layers=5|ent=brickwork_alternating|mq=0|seed=2|rot=RY_RZ_RX|enc=RY|h=False|mb=Z|reupload=True|init=0.01|cw1m=1.0,3,121
0.02,64,200,50,5,brickwork_alternating,0,3,RY_RZ_RX,RY,False,Z,True,0.01,1.0,10,lr=0.02|bs=64|epochs=200|patience=50|layers=5|ent=brickwork_alternating|mq=0|seed=3|rot=RY_RZ_RX|enc=RY|h=False|mb=Z|reupload=True|init=0.01|cw1m=1.0,3,121
0.02,64,200,50,5,brickwork_alternating,0,4,RY_RZ_RX,RY,False,Z,True,0.01,1.0,11,lr=0.02|bs=64|epochs=200|patience=50|layers=5|ent=brickwork_alternating|mq=0|seed=4|rot=RY_RZ_RX|enc=RY|h=False|mb=Z|reupload=True|init=0.01|cw1m=1.0,3,121
0.02,64,200,50,5,brickwork_alternating,0,5,RY_RZ_RX,RY,False,Z,True,0.01,1.0,12,lr=0.02|bs=64|epochs=200|patience=50|layers=5|ent=brickwork_alternating|mq=0|seed=5|rot=RY_RZ_RX|enc=RY|h=False|mb=Z|reupload=True|init=0.01|cw1m=1.0,3,121
0.02,64,200,50,5,brickwork_alternating,0,6,RY_RZ_RX,RY,False,Z,True,0.01,1.0,13,lr=0.02|bs=64|epochs=200|patience=50|layers=5|ent=brickwork_alternating|mq=0|seed=6|rot=RY_RZ_RX|enc=RY|h=False|mb=Z|reupload=True|init=0.01|cw1m=1.0,3,121
0.02,64,200,50,5,brickwork_alternating,0,7,RY_RZ_RX,RY,False,Z,True,0.01,1.0,14,lr=0.02|bs=64|epochs=200|patience=50|layers=5|ent=brickwork_alternating|mq=0|seed=7|rot=RY_RZ_RX|enc=RY|h=False|mb=Z|reupload=True|init=0.01|cw1m=1.0,3,121
0.02,64,200,50,5,brickwork_alternating,0,8,RY_RZ_RX,RY,False,Z,True,0.01,1.0,15,lr=0.02|bs=64|epochs=200|patience=50|layers=5|ent=brickwork_alternating|mq=0|seed=8|rot=RY_RZ_RX|enc=RY|h=False|mb=Z|reupload=True|init=0.01|cw1m=1.0,3,121
0.02,64,200,50,5,brickwork_alternating,0,9,RY_RZ_RX,RY,False,Z,True,0.01,1.0,16,lr=0.02|bs=64|epochs=200|patience=50|layers=5|ent=brickwork_alternating|mq=0|seed=9|rot=RY_RZ_RX|enc=RY|h=False|mb=Z|reupload=True|init=0.01|cw1m=1.0,3,121
0.015,64,200,50,5,brickwork_alternating,0,0,RY_RZ_RX,RY,False,Z,True,0.01,1.0,17,lr=0.015|bs=64|epochs=200|patience=50|layers=5|ent=brickwork_alternating|mq=0|seed=0|rot=RY_RZ_RX|enc=RY|h=False|mb=Z|reupload=True|init=0.01|cw1m=1.0,3,121
0.01,64,200,50,5,brickwork_alternating,0,0,RY_RZ_RX,RY,False,Z,True,0.01,1.0,18,lr=0.01|bs=64|epochs=200|patience=50|layers=5|ent=brickwork_alternating|mq=0|seed=0|rot=RY_RZ_RX|enc=RY|h=False|mb=Z|reupload=True|init=0.01|cw1m=1.0,3,121
0.025,64,200,50,5,brickwork_alternating,0,0,RY_RZ_RX,RY,False,Z,True,0.01,1.0,19,lr=0.025|bs=64|epochs=200|patience=50|layers=5|ent=brickwork_alternating|mq=0|seed=0|rot=RY_RZ_RX|enc=RY|h=False|mb=Z|reupload=True|init=0.01|cw1m=1.0,3,121
0.03,64,200,50,5,brickwork_alternating,0,0,RY_RZ_RX,RY,False,Z,True,0.01,1.0,20,lr=0.03|bs=64|epochs=200|patience=50|layers=5|ent=brickwork_alternating|mq=0|seed=0|rot=RY_RZ_RX|enc=RY|h=False|mb=Z|reupload=True|init=0.01|cw1m=1.0,3,121
0.005,64,200,50,5,brickwork_alternating,0,0,RY_RZ_RX,RY,False,Z,True,0.01,1.0,21,lr=0.005|bs=64|epochs=200|patience=50|layers=5|ent=brickwork_alternating|mq=0|seed=0|rot=RY_RZ_RX|enc=RY|h=False|mb=Z|reupload=True|init=0.01|cw1m=1.0,3,121
0.015,64,200,60,5,brickwork_alternating,0,0,RY_RZ_RX,RY_RZ,False,Z,True,0.01,1.0,22,lr=0.015|bs=64|epochs=200|patience=60|layers=5|ent=brickwork_alternating|mq=0|seed=0|rot=RY_RZ_RX|enc=RY_RZ|h=False|mb=Z|reupload=True|init=0.01|cw1m=1.0,3,121
0.01,64,200,60,5,brickwork_alternating,0,0,RY_RZ_RX,RY_RZ,False,Z,True,0.01,1.0,23,lr=0.01|bs=64|epochs=200|patience=60|layers=5|ent=brickwork_alternating|mq=0|seed=0|rot=RY_RZ_RX|enc=RY_RZ|h=False|mb=Z|reupload=True|init=0.01|cw1m=1.0,3,121
0.02,64,200,60,5,brickwork_alternating,0,0,RY_RZ_RX,RY_RZ,False,Z,True,0.01,1.0,24,lr=0.02|bs=64|epochs=200|patience=60|layers=5|ent=brickwork_alternating|mq=0|seed=0|rot=RY_RZ_RX|enc=RY_RZ|h=False|mb=Z|reupload=True|init=0.01|cw1m=1.0,3,121
0.015,64,200,60,5,brickwork_alternating,0,0,RY_RZ_RX,RX_RY_RZ,False,Z,True,0.01,1.0,25,lr=0.015|bs=64|epochs=200|patience=60|layers=5|ent=brickwork_alternating|mq=0|seed=0|rot=RY_RZ_RX|enc=RX_RY_RZ|h=False|mb=Z|reupload=True|init=0.01|cw1m=1.0,3,121
0.01,64,200,60,5,brickwork_alternating,0,0,RY_RZ_RX,RX_RY_RZ,False,Z,True,0.01,1.0,26,lr=0.01|bs=64|epochs=200|patience=60|layers=5|ent=brickwork_alternating|mq=0|seed=0|rot=RY_RZ_RX|enc=RX_RY_RZ|h=False|mb=Z|reupload=True|init=0.01|cw1m=1.0,3,121
0.02,64,200,60,5,brickwork_alternating,0,0,RY_RZ_RX,RX_RY_RZ,False,Z,True,0.01,1.0,27,lr=0.02|bs=64|epochs=200|patience=60|layers=5|ent=brickwork_alternating|mq=0|seed=0|rot=RY_RZ_RX|enc=RX_RY_RZ|h=False|mb=Z|reupload=True|init=0.01|cw1m=1.0,3,121
0.02,64,200,50,5,brickwork_alternating,0,0,RX_RY_RZ,RY,False,Z,True,0.01,1.0,28,lr=0.02|bs=64|epochs=200|patience=50|layers=5|ent=brickwork_alternating|mq=0|seed=0|rot=RX_RY_RZ|enc=RY|h=False|mb=Z|reupload=True|init=0.01|cw1m=1.0,3,121
0.02,64,200,50,5,brickwork_alternating,0,0,RZ_RY_RX,RY,False,Z,True,0.01,1.0,29,lr=0.02|bs=64|epochs=200|patience=50|layers=5|ent=brickwork_alternating|mq=0|seed=0|rot=RZ_RY_RX|enc=RY|h=False|mb=Z|reupload=True|init=0.01|cw1m=1.0,3,121
0.02,64,200,50,5,brickwork_alternating,0,0,RY_RX_RZ,RY,False,Z,True,0.01,1.0,30,lr=0.02|bs=64|epochs=200|patience=50|layers=5|ent=brickwork_alternating|mq=0|seed=0|rot=RY_RX_RZ|enc=RY|h=False|mb=Z|reupload=True|init=0.01|cw1m=1.0,3,121
0.02,64,200,50,5,brickwork_alternating,0,0,RY_RZ_RX,RY,False,X,True,0.01,1.0,31,lr=0.02|bs=64|epochs=200|patience=50|layers=5|ent=brickwork_alternating|mq=0|seed=0|rot=RY_RZ_RX|enc=RY|h=False|mb=X|reupload=True|init=0.01|cw1m=1.0,3,121
0.02,64,200,50,5,brickwork_alternating,0,0,RY_RZ_RX,RY,True,Z,True,0.01,1.0,32,lr=0.02|bs=64|epochs=200|patience=50|layers=5|ent=brickwork_alternating|mq=0|seed=0|rot=RY_RZ_RX|enc=RY|h=True|mb=Z|reupload=True|init=0.01|cw1m=1.0,3,121
0.02,64,200,50,5,brickwork_alternating,0,0,RY_RZ_RX,RY,True,X,True,0.01,1.0,33,lr=0.02|bs=64|epochs=200|patience=50|layers=5|ent=brickwork_alternating|mq=0|seed=0|rot=RY_RZ_RX|enc=RY|h=True|mb=X|reupload=True|init=0.01|cw1m=1.0,3,121
0.02,64,200,50,5,cz_brickwork_alternating,0,0,RY_RZ_RX,RY,False,Z,True,0.01,1.0,34,lr=0.02|bs=64|epochs=200|patience=50|layers=5|ent=cz_brickwork_alternating|mq=0|seed=0|rot=RY_RZ_RX|enc=RY|h=False|mb=Z|reupload=True|init=0.01|cw1m=1.0,3,121
0.02,64,200,50,5,cz_brickwork,0,0,RY_RZ_RX,RY,False,Z,True,0.01,1.0,35,lr=0.02|bs=64|epochs=200|patience=50|layers=5|ent=cz_brickwork|mq=0|seed=0|rot=RY_RZ_RX|enc=RY|h=False|mb=Z|reupload=True|init=0.01|cw1m=1.0,3,121
0.02,64,200,50,5,cz_chain_alternating,0,0,RY_RZ_RX,RY,False,Z,True,0.01,1.0,36,lr=0.02|bs=64|epochs=200|patience=50|layers=5|ent=cz_chain_alternating|mq=0|seed=0|rot=RY_RZ_RX|enc=RY|h=False|mb=Z|reupload=True|init=0.01|cw1m=1.0,3,121
0.02,64,200,50,5,cz_chain,0,0,RY_RZ_RX,RY,False,Z,True,0.01,1.0,37,lr=0.02|bs=64|epochs=200|patience=50|layers=5|ent=cz_chain|mq=0|seed=0|rot=RY_RZ_RX|enc=RY|h=False|mb=Z|reupload=True|init=0.01|cw1m=1.0,3,121
0.02,64,200,50,5,brickwork_alternating,0,0,RY_RZ_RX,RY,False,Z,True,0.01,1.1,38,lr=0.02|bs=64|epochs=200|patience=50|layers=5|ent=brickwork_alternating|mq=0|seed=0|rot=RY_RZ_RX|enc=RY|h=False|mb=Z|reupload=True|init=0.01|cw1m=1.1,3,121
0.02,64,200,50,5,brickwork_alternating,0,0,RY_RZ_RX,RY,False,Z,True,0.01,1.2,39,lr=0.02|bs=64|epochs=200|patience=50|layers=5|ent=brickwork_alternating|mq=0|seed=0|rot=RY_RZ_RX|enc=RY|h=False|mb=Z|reupload=True|init=0.01|cw1m=1.2,3,121
0.02,64,200,50,5,brickwork_alternating,0,0,RY_RZ_RX,RY,False,Z,True,0.01,0.9,40,lr=0.02|bs=64|epochs=200|patience=50|layers=5|ent=brickwork_alternating|mq=0|seed=0|rot=RY_RZ_RX|enc=RY|h=False|mb=Z|reupload=True|init=0.01|cw1m=0.9,3,121
0.01,64,250,75,6,brickwork_alternating,0,0,RY_RZ_RX,RY,False,Z,True,0.01,1.0,41,lr=0.01|bs=64|epochs=250|patience=75|layers=6|ent=brickwork_alternating|mq=0|seed=0|rot=RY_RZ_RX|enc=RY|h=False|mb=Z|reupload=True|init=0.01|cw1m=1.0,3,145
0.015,64,250,75,6,brickwork_alternating,0,0,RY_RZ_RX,RY,False,Z,True,0.01,1.0,42,lr=0.015|bs=64|epochs=250|patience=75|layers=6|ent=brickwork_alternating|mq=0|seed=0|rot=RY_RZ_RX|enc=RY|h=False|mb=Z|reupload=True|init=0.01|cw1m=1.0,3,145
0.01,128,250,75,6,brickwork_alternating,0,0,RY_RZ_RX,RY,False,Z,True,0.01,1.0,43,lr=0.01|bs=128|epochs=250|patience=75|layers=6|ent=brickwork_alternating|mq=0|seed=0|rot=RY_RZ_RX|enc=RY|h=False|mb=Z|reupload=True|init=0.01|cw1m=1.0,3,145
0.005,64,250,75,6,brickwork_alternating,0,0,RY_RZ_RX,RY,False,Z,True,0.01,1.0,44,lr=0.005|bs=64|epochs=250|patience=75|layers=6|ent=brickwork_alternating|mq=0|seed=0|rot=RY_RZ_RX|enc=RY|h=False|mb=Z|reupload=True|init=0.01|cw1m=1.0,3,145
0.02,64,200,50,5,brickwork_alternating,0,0,RY_RZ,RY,False,Z,True,0.01,1.0,45,lr=0.02|bs=64|epochs=200|patience=50|layers=5|ent=brickwork_alternating|mq=0|seed=0|rot=RY_RZ|enc=RY|h=False|mb=Z|reupload=True|init=0.01|cw1m=1.0,2,81
0.02,64,200,50,6,brickwork_alternating,0,0,RY_RZ,RY,False,Z,True,0.01,1.0,46,lr=0.02|bs=64|epochs=200|patience=50|layers=6|ent=brickwork_alternating|mq=0|seed=0|rot=RY_RZ|enc=RY|h=False|mb=Z|reupload=True|init=0.01|cw1m=1.0,2,97
0.02,64,200,50,5,brickwork,0,0,RY_RZ,RY,False,Z,True,0.01,1.0,47,lr=0.02|bs=64|epochs=200|patience=50|layers=5|ent=brickwork|mq=0|seed=0|rot=RY_RZ|enc=RY|h=False|mb=Z|reupload=True|init=0.01|cw1m=1.0,2,81
0.02,64,200,50,6,brickwork,0,0,RY_RZ,RY,False,Z,True,0.01,1.0,48,lr=0.02|bs=64|epochs=200|patience=50|layers=6|ent=brickwork|mq=0|seed=0|rot=RY_RZ|enc=RY|h=False|mb=Z|reupload=True|init=0.01|cw1m=1.0,2,97
0.02,64,200,50,5,chain,0,0,RY_RZ,RY,False,Z,True,0.01,1.0,49,lr=0.02|bs=64|epochs=200|patience=50|layers=5|ent=chain|mq=0|seed=0|rot=RY_RZ|enc=RY|h=False|mb=Z|reupload=True|init=0.01|cw1m=1.0,2,81
0.02,64,200,50,6,chain,0,0,RY_RZ,RY,False,Z,True,0.01,1.0,50,lr=0.02|bs=64|epochs=200|patience=50|layers=6|ent=chain|mq=0|seed=0|rot=RY_RZ|enc=RY|h=False|mb=Z|reupload=True|init=0.01|cw1m=1.0,2,97
0.02,64,200,50,5,chain_alternating,0,0,RY_RZ,RY,False,Z,True,0.01,1.0,51,lr=0.02|bs=64|epochs=200|patience=50|layers=5|ent=chain_alternating|mq=0|seed=0|rot=RY_RZ|enc=RY|h=False|mb=Z|reupload=True|init=0.01|cw1m=1.0,2,81
0.02,64,200,50,6,chain_alternating,0,0,RY_RZ,RY,False,Z,True,0.01,1.0,52,lr=0.02|bs=64|epochs=200|patience=50|layers=6|ent=chain_alternating|mq=0|seed=0|rot=RY_RZ|enc=RY|h=False|mb=Z|reupload=True|init=0.01|cw1m=1.0,2,97
