combo_index,config_key,status,lr,batch_size,epochs_run,num_layers,entanglement,measured_qubit,seed,rotation_order,num_train_rot_per_qubit,best_val_bal_acc,val_recall_0,val_recall_1,public_bal_acc_exact,public_recall_0,public_recall_1,public_bal_acc_1024,encoding_mode,initial_h,measurement_basis,reupload_data,init_scale,class_weight_1_multiplier,depth,two_qubit_gates,num_parameters,gate_counts,rules_respected,rule_violation,shot_mode,artifacts_dir,error
0,lr=0.0275|bs=64|epochs=200|patience=50|layers=5|ent=brickwork_alternating|mq=0|seed=0|rot=RY_RX_RZ|enc=RY|h=False|mb=Z|reupload=True|init=0.01|cw1m=0.95,trained,0.0275,64,140,5,brickwork_alternating,0,0,RY_RX_RZ,3,0.7843124881681075,0.7358490566037735,0.8327759197324415,0.7897105510368148,0.7514425210830005,0.8279785809906292,0.7873696294276084,RY,False,Z,True,0.01,0.95,31,35,121,"{""cx"": 35, ""measure"": 1, ""rx"": 40, ""ry"": 81, ""rz"": 40}",yes,no,manual,experiment_artifacts\run_0000,
1,lr=0.025|bs=64|epochs=200|patience=50|layers=5|ent=brickwork_alternating|mq=0|seed=0|rot=RY_RX_RZ|enc=RY|h=False|mb=Z|reupload=True|init=0.01|cw1m=0.95,trained,0.025,64,140,5,brickwork_alternating,0,0,RY_RX_RZ,3,0.7865322439949666,0.7402885682574917,0.8327759197324415,0.7900291801916944,0.7574345317354638,0.822623828647925,0.788806802888429,RY,False,Z,True,0.01,0.95,31,35,121,"{""cx"": 35, ""measure"": 1, ""rx"": 40, ""ry"": 81, ""rz"": 40}",yes,no,manual,experiment_artifacts\run_0001,
2,lr=0.03|bs=64|epochs=200|patience=50|layers=5|ent=brickwork_alternating|mq=0|seed=0|rot=RY_RX_RZ|enc=RY|h=False|mb=Z|reupload=True|init=0.01|cw1m=0.95,trained,0.03,64,140,5,brickwork_alternating,0,0,RY_RX_RZ,3,0.7832100341872092,0.730299667036626,0.8361204013377926,0.7896191958245766,0.7438970261873058,0.8353413654618473,0.7897301589848074,RY,False,Z,True,0.01,0.95,31,35,121,"{""cx"": 35, ""measure"": 1, ""rx"": 40, ""ry"": 81, ""rz"": 40}",yes,no,manual,experiment_artifacts\run_0002,
3,lr=0.0275|bs=64|epochs=200|patience=50|layers=5|ent=brickwork_alternating|mq=0|seed=0|rot=RY_RX_RZ|enc=RY|h=False|mb=Z|reupload=True|init=0.01|cw1m=0.9,trained,0.0275,64,140,5,brickwork_alternating,0,0,RY_RX_RZ,3,0.780960582630225,0.7391786903440621,0.822742474916388,0.7900273976509679,0.7581003106968487,0.821954484605087,0.7916989752173362,RY,False,Z,True,0.01,0.9,31,35,121,"{""cx"": 35, ""measure"": 1, ""rx"": 40, ""ry"": 81, ""rz"": 40}",yes,no,manual,experiment_artifacts\run_0003,
4,lr=0.025|bs=64|epochs=200|patience=50|layers=5|ent=brickwork_alternating|mq=0|seed=0|rot=RY_RX_RZ|enc=RY|h=False|mb=Z|reupload=True|init=0.01|cw1m=0.9,trained,0.025,64,140,5,brickwork_alternating,0,0,RY_RX_RZ,3,0.7842902163705137,0.7458379578246392,0.822742474916388,0.7886780143209322,0.7620949844651576,0.8152610441767069,0.788674449239479,RY,False,Z,True,0.01,0.9,31,35,121,"{""cx"": 35, ""measure"": 1, ""rx"": 40, ""ry"": 81, ""rz"": 40}",yes,no,manual,experiment_artifacts\run_0004,
5,lr=0.03|bs=64|epochs=200|patience=50|layers=5|ent=brickwork_alternating|mq=0|seed=0|rot=RY_RX_RZ|enc=RY|h=False|mb=Z|reupload=True|init=0.01|cw1m=0.9,trained,0.03,64,140,5,brickwork_alternating,0,0,RY_RX_RZ,3,0.7843124881681075,0.7358490566037735,0.8327759197324415,0.7898232967377722,0.7509986684420772,0.8286479250334672,0.7896031529580372,RY,False,Z,True,0.01,0.9,31,35,121,"{""cx"": 35, ""measure"": 1, ""rx"": 40, ""ry"": 81, ""rz"": 40}",yes,no,manual,experiment_artifacts\run_0005,
6,lr=0.0275|bs=64|epochs=200|patience=50|layers=5|ent=brickwork_alternating|mq=0|seed=0|rot=RY_RX_RZ|enc=RY|h=False|mb=Z|reupload=True|init=0.01|cw1m=1.0,trained,0.0275,64,140,5,brickwork_alternating,0,0,RY_RX_RZ,3,0.7854297900140683,0.7347391786903441,0.8361204013377926,0.7899449551423626,0.7472259209942299,0.8326639892904953,0.7898393396043116,RY,False,Z,True,0.01,1.0,31,35,121,"{""cx"": 35, ""measure"": 1, ""rx"": 40, ""ry"": 81, ""rz"": 40}",yes,no,manual,experiment_artifacts\run_0006,
7,lr=0.025|bs=64|epochs=200|patience=50|layers=5|ent=brickwork_alternating|mq=0|seed=0|rot=RY_RX_RZ|enc=RY|h=False|mb=Z|reupload=True|init=0.01|cw1m=1.0,trained,0.025,64,140,5,brickwork_alternating,0,0,RY_RX_RZ,3,0.7870946068842126,0.7380688124306326,0.8361204013377926,0.7903781125389262,0.7521083000443852,0.8286479250334672,0.7901579687591912,RY,False,Z,True,0.01,1.0,31,35,121,"{""cx"": 35, ""measure"": 1, ""rx"": 40, ""ry"": 81, ""rz"": 40}",yes,no,manual,experiment_artifacts\run_0007,
8,lr=0.03|bs=64|epochs=200|patience=50|layers=5|ent=brickwork_alternating|mq=0|seed=0|rot=RY_RX_RZ|enc=RY|h=False|mb=Z|reupload=True|init=0.01|cw1m=1.0,trained,0.03,64,140,5,brickwork_alternating,0,0,RY_RX_RZ,3,0.7837723970764554,0.7280799112097669,0.8394648829431438,0.7879600960432943,0.7385707944962272,0.8373493975903614,0.7871833539216787,RY,False,Z,True,0.01,1.0,31,35,121,"{""cx"": 35, ""measure"": 1, ""rx"": 40, ""ry"": 81, ""rz"": 40}",yes,no,manual,experiment_artifacts\run_0008,
9,lr=0.0275|bs=64|epochs=200|patience=50|layers=5|ent=brickwork_alternating|mq=0|seed=1|rot=RY_RX_RZ|enc=RY|h=False|mb=Z|reupload=True|init=0.01|cw1m=0.95,trained,0.0275,64,180,5,brickwork_alternating,0,1,RY_RX_RZ,3,0.7837204295487363,0.7513873473917869,0.8160535117056856,0.7857016169426931,0.7487794052374611,0.822623828647925,0.7828040969916059,RY,False,Z,True,0.01,0.95,31,35,121,"{""cx"": 35, ""measure"": 1, ""rx"": 40, ""ry"": 81, ""rz"": 40}",yes,no,manual,experiment_artifacts\run_0009,
10,lr=0.0275|bs=64|epochs=200|patience=50|layers=5|ent=brickwork_alternating|mq=0|seed=2|rot=RY_RX_RZ|enc=RY|h=False|mb=Z|reupload=True|init=0.01|cw1m=0.95,trained,0.0275,64,100,5,brickwork_alternating,0,2,RY_RX_RZ,3,0.7815452173170649,0.7269700332963374,0.8361204013377926,0.7834930489824365,0.7403462050599201,0.8266398929049531,0.7846080282069244,RY,False,Z,True,0.01,0.95,31,35,121,"{""cx"": 35, ""measure"": 1, ""rx"": 40, ""ry"": 81, ""rz"": 40}",yes,no,manual,experiment_artifacts\run_0010,
11,lr=0.0275|bs=64|epochs=200|patience=50|layers=5|ent=brickwork_alternating|mq=0|seed=3|rot=RY_RX_RZ|enc=RY|h=False|mb=Z|reupload=True|init=0.01|cw1m=0.95,trained,0.0275,64,160,5,brickwork_alternating,0,3,RY_RX_RZ,3,0.7730058389229358,0.806881243063263,0.7391304347826086,0.7657741485248584,0.8166888592987128,0.714859437751004,0.7641043534992166,RY,False,Z,True,0.01,0.95,31,35,121,"{""cx"": 35, ""measure"": 1, ""rx"": 40, ""ry"": 81, ""rz"": 40}",yes,no,manual,experiment_artifacts\run_0011,
12,lr=0.0275|bs=64|epochs=200|patience=50|layers=5|ent=brickwork_alternating|mq=0|seed=4|rot=RY_RX_RZ|enc=RY|h=False|mb=Z|reupload=True|init=0.01|cw1m=0.95,trained,0.0275,64,85,5,brickwork_alternating,0,4,RY_RX_RZ,3,0.7711053121949227,0.6592674805771365,0.882943143812709,0.7658173751374784,0.6755437194851309,0.856091030789826,0.7647041784537172,RY,False,Z,True,0.01,0.95,31,35,121,"{""cx"": 35, ""measure"": 1, ""rx"": 40, ""ry"": 81, ""rz"": 40}",yes,no,manual,experiment_artifacts\run_0012,
13,lr=0.0275|bs=64|epochs=200|patience=50|layers=5|ent=brickwork_alternating|mq=0|seed=5|rot=RY_RX_RZ|enc=RY|h=False|mb=Z|reupload=True|init=0.01|cw1m=0.95,trained,0.0275,64,200,5,brickwork_alternating,0,5,RY_RX_RZ,3,0.7837427013463302,0.7413984461709212,0.8260869565217391,0.7947252837359202,0.753439857967155,0.8360107095046854,0.7922698338850297,RY,False,Z,True,0.01,0.95,31,35,121,"{""cx"": 35, ""measure"": 1, ""rx"": 40, ""ry"": 81, ""rz"": 40}",yes,no,manual,experiment_artifacts\run_0013,
14,lr=0.0275|bs=64|epochs=200|patience=50|layers=5|ent=brickwork_alternating|mq=0|seed=6|rot=RY_RX_RZ|enc=RY|h=False|mb=Z|reupload=True|init=0.01|cw1m=0.95,trained,0.0275,64,85,5,brickwork_alternating,0,6,RY_RX_RZ,3,0.7697801402380855,0.753607103218646,0.7859531772575251,0.7676600766136004,0.7789613848202397,0.7563587684069611,0.7656645222701726,RY,False,Z,True,0.01,0.95,31,35,121,"{""cx"": 35, ""measure"": 1, ""rx"": 40, ""ry"": 81, ""rz"": 40}",yes,no,manual,experiment_artifacts\run_0014,
15,lr=0.0275|bs=64|epochs=200|patience=50|layers=5|ent=brickwork_alternating|mq=0|seed=7|rot=RY_RX_RZ|enc=RY|h=False|mb=Z|reupload=True|init=0.01|cw1m=0.95,trained,0.0275,64,200,5,brickwork_alternating,0,7,RY_RX_RZ,3,0.7960107498543053,0.7391786903440621,0.8528428093645485,0.7955180687240753,0.7490013315579228,0.8420348058902276,0.7945140526598182,RY,False,Z,True,0.01,0.95,31,35,121,"{""cx"": 35, ""measure"": 1, ""rx"": 40, ""ry"": 81, ""rz"": 40}",yes,no,manual,experiment_artifacts\run_0015,
16,lr=0.0275|bs=64|epochs=200|patience=50|layers=5|ent=brickwork_alternating|mq=0|seed=8|rot=RY_RX_RZ|enc=RY|h=False|mb=Z|reupload=True|init=0.01|cw1m=0.95,trained,0.0275,64,180,5,brickwork_alternating,0,8,RY_RX_RZ,3,0.7914969988752742,0.7635960044395117,0.8193979933110368,0.7895710672249584,0.761873058144696,0.8172690763052208,0.7929142223576953,RY,False,Z,True,0.01,0.95,31,35,121,"{""cx"": 35, ""measure"": 1, ""rx"": 40, ""ry"": 81, ""rz"": 40}",yes,no,manual,experiment_artifacts\run_0016,
17,lr=0.0275|bs=64|epochs=200|patience=50|layers=5|ent=brickwork_alternating|mq=0|seed=9|rot=RY_RX_RZ|enc=RY|h=False|mb=Z|reupload=True|init=0.01|cw1m=0.95,trained,0.0275,64,165,5,brickwork_alternating,0,9,RY_RX_RZ,3,0.7726736179421602,0.7058823529411765,0.8394648829431438,0.7813236969181654,0.717265867731913,0.8453815261044176,0.7819930409610034,RY,False,Z,True,0.01,0.95,31,35,121,"{""cx"": 35, ""measure"": 1, ""rx"": 40, ""ry"": 81, ""rz"": 40}",yes,no,manual,experiment_artifacts\run_0017,
18,lr=0.0275|bs=64|epochs=200|patience=50|layers=5|ent=brickwork_alternating|mq=0|seed=0|rot=RY_RX_RZ|enc=RY|h=True|mb=X|reupload=True|init=0.01|cw1m=0.95,trained,0.0275,64,105,5,brickwork_alternating,0,0,RY_RX_RZ,3,0.7626698688562319,0.6925638179800222,0.8327759197324415,0.7708182931459526,0.7243675099866844,0.8172690763052208,0.7712674934090556,RY,True,X,True,0.01,0.95,33,35,121,"{""cx"": 35, ""h"": 9, ""measure"": 1, ""rx"": 40, ""ry"": 81, ""rz"": 40}",yes,no,manual,experiment_artifacts\run_0018,
19,lr=0.025|bs=64|epochs=200|patience=50|layers=5|ent=brickwork_alternating|mq=0|seed=0|rot=RY_RX_RZ|enc=RY|h=True|mb=X|reupload=True|init=0.01|cw1m=0.9,trained,0.025,64,200,5,brickwork_alternating,0,0,RY_RX_RZ,3,0.7770017706079086,0.7647058823529411,0.7892976588628763,0.7946432868624966,0.7840656901908566,0.8052208835341366,0.7954182464433857,RY,True,X,True,0.01,0.9,33,35,121,"{""cx"": 35, ""h"": 9, ""measure"": 1, ""rx"": 40, ""ry"": 81, ""rz"": 40}",yes,no,manual,experiment_artifacts\run_0019,
20,lr=0.03|bs=64|epochs=200|patience=50|layers=5|ent=brickwork_alternating|mq=0|seed=0|rot=RY_RX_RZ|enc=RY|h=True|mb=X|reupload=True|init=0.01|cw1m=0.9,trained,0.03,64,100,5,brickwork_alternating,0,0,RY_RX_RZ,3,0.7654594115048683,0.6914539400665927,0.8394648829431438,0.7705981493662176,0.7232578783843764,0.8179384203480589,0.7693757720629522,RY,True,X,True,0.01,0.9,33,35,121,"{""cx"": 35, ""h"": 9, ""measure"": 1, ""rx"": 40, ""ry"": 81, ""rz"": 40}",yes,no,manual,experiment_artifacts\run_0020,
21,lr=0.03|bs=64|epochs=200|patience=50|layers=5|ent=brickwork_alternating|mq=0|seed=0|rot=RY_RX_RZ|enc=RY|h=True|mb=X|reupload=True|init=0.01|cw1m=0.95,trained,0.03,64,100,5,brickwork_alternating,0,0,RY_RX_RZ,3,0.7676865912642585,0.6925638179800222,0.842809364548495,0.7713784565692865,0.723479804704838,0.8192771084337349,0.7720460180713979,RY,True,X,True,0.01,0.95,33,35,121,"{""cx"": 35, ""h"": 9, ""measure"": 1, ""rx"": 40, ""ry"": 81, ""rz"": 40}",yes,no,manual,experiment_artifacts\run_0021,
22,lr=0.0275|bs=64|epochs=200|patience=50|layers=4|ent=brickwork_alternating|mq=0|seed=0|rot=RY_RX_RZ|enc=RY|h=False|mb=Z|reupload=True|init=0.01|cw1m=0.95,trained,0.0275,64,140,4,brickwork_alternating,0,0,RY_RX_RZ,3,0.7776309488899364,0.732519422863485,0.822742474916388,0.7936334775408782,0.7445628051486907,0.8427041499330656,0.794299256502263,RY,False,Z,True,0.01,0.95,26,28,97,"{""cx"": 28, ""measure"": 1, ""rx"": 32, ""ry"": 65, ""rz"": 32}",yes,no,manual,experiment_artifacts\run_0022,
23,lr=0.025|bs=64|epochs=200|patience=50|layers=4|ent=brickwork_alternating|mq=0|seed=0|rot=RY_RX_RZ|enc=RY|h=False|mb=Z|reupload=True|init=0.01|cw1m=0.9,trained,0.025,64,140,4,brickwork_alternating,0,0,RY_RX_RZ,3,0.7731691654386246,0.7336293007769146,0.8127090301003345,0.7923843621267137,0.7527740790057701,0.8319946452476573,0.7901561862184646,RY,False,Z,True,0.01,0.9,26,28,97,"{""cx"": 28, ""measure"": 1, ""rx"": 32, ""ry"": 65, ""rz"": 32}",yes,no,manual,experiment_artifacts\run_0023,
24,lr=0.03|bs=64|epochs=200|patience=50|layers=4|ent=brickwork_alternating|mq=0|seed=0|rot=RY_RX_RZ|enc=RY|h=False|mb=Z|reupload=True|init=0.01|cw1m=0.95,trained,0.03,64,200,4,brickwork_alternating,0,0,RY_RX_RZ,3,0.789809910207536,0.7702552719200888,0.8093645484949833,0.804581397048469,0.7805148690634709,0.8286479250334672,0.8031353108840154,RY,False,Z,True,0.01,0.95,26,28,97,"{""cx"": 28, ""measure"": 1, ""rx"": 32, ""ry"": 65, ""rz"": 32}",yes,no,manual,experiment_artifacts\run_0024,
25,lr=0.0275|bs=64|epochs=200|patience=50|layers=5|ent=brickwork_alternating|mq=0|seed=0|rot=RY_RX_RZ|enc=RY|h=False|mb=Z|reupload=True|init=0.005|cw1m=0.95,trained,0.0275,64,140,5,brickwork_alternating,0,0,RY_RX_RZ,3,0.7826328234329006,0.7391786903440621,0.8260869565217391,0.789150387613481,0.7523302263648469,0.8259705488621151,0.78992534719437,RY,False,Z,True,0.005,0.95,31,35,121,"{""cx"": 35, ""measure"": 1, ""rx"": 40, ""ry"": 81, ""rz"": 40}",yes,no,manual,experiment_artifacts\run_0025,
26,lr=0.0275|bs=64|epochs=200|patience=50|layers=5|ent=brickwork_alternating|mq=0|seed=0|rot=RY_RX_RZ|enc=RY|h=False|mb=Z|reupload=True|init=0.02|cw1m=0.95,trained,0.0275,64,140,5,brickwork_alternating,0,0,RY_RX_RZ,3,0.7837575492113928,0.7347391786903441,0.8327759197324415,0.7900523532211402,0.7487794052374611,0.8313253012048193,0.7883772105733186,RY,False,Z,True,0.02,0.95,31,35,121,"{""cx"": 35, ""measure"": 1, ""rx"": 40, ""ry"": 81, ""rz"": 40}",yes,no,manual,experiment_artifacts\run_0026,
27,lr=0.0275|bs=32|epochs=200|patience=50|layers=5|ent=brickwork_alternating|mq=0|seed=0|rot=RY_RX_RZ|enc=RY|h=False|mb=Z|reupload=True|init=0.01|cw1m=0.95,trained,0.0275,32,135,5,brickwork_alternating,0,0,RY_RX_RZ,3,0.7715860118263245,0.6936736958934517,0.8494983277591973,0.7772305377747117,0.7043941411451398,0.8500669344042838,0.7772305377747117,RY,False,Z,True,0.01,0.95,31,35,121,"{""cx"": 35, ""measure"": 1, ""rx"": 40, ""ry"": 81, ""rz"": 40}",yes,no,manual,experiment_artifacts\run_0027,
28,lr=0.0275|bs=128|epochs=200|patience=50|layers=5|ent=brickwork_alternating|mq=0|seed=0|rot=RY_RX_RZ|enc=RY|h=False|mb=Z|reupload=True|init=0.01|cw1m=0.95,trained,0.0275,128,70,5,brickwork_alternating,0,0,RY_RX_RZ,3,0.7682192584233795,0.7036625971143174,0.8327759197324415,0.7678365481455338,0.7130492676431425,0.822623828647925,0.7658267334762932,RY,False,Z,True,0.01,0.95,31,35,121,"{""cx"": 35, ""measure"": 1, ""rx"": 40, ""ry"": 81, ""rz"": 40}",yes,no,manual,experiment_artifacts\run_0028,
