row,label,p_expval,pred_expval,p_probs_exact,pred_probs_exact,p_probs_shots,pred_probs_shots,p_manual_shots,pred_manual_shots,manual_count_1
0,1,0.8651773576815628,1,0.8651773576815627,1,0.8642578125,1,0.8798828125,1,901
1,1,0.8172976474618422,1,0.8172976474618421,1,0.8232421875,1,0.81640625,1,836
2,0,0.5009359386173736,1,0.5009359386173737,1,0.4970703125,0,0.4970703125,0,509
3,0,0.733106890922096,1,0.7331068909220959,1,0.7275390625,1,0.736328125,1,754
4,0,0.34572632415144255,0,0.34572632415144233,0,0.3505859375,0,0.34765625,0,356
5,0,0.24627050462164835,0,0.24627050462164846,0,0.236328125,0,0.2587890625,0,265
6,0,0.47520799668302793,0,0.47520799668302777,0,0.4716796875,0,0.4521484375,0,463
7,0,0.5859785119765053,1,0.5859785119765051,1,0.5859375,1,0.5732421875,1,587
8,1,0.8609975781392774,1,0.8609975781392774,1,0.8671875,1,0.859375,1,880
9,1,0.43134314016135333,0,0.43134314016135317,0,0.439453125,0,0.4287109375,0,439
10,0,0.09508861696157822,0,0.09508861696157789,0,0.087890625,0,0.0849609375,0,87
11,0,0.23329862020389502,0,0.23329862020389464,0,0.232421875,0,0.21484375,0,220
12,0,0.3697668331706201,0,0.36976683317062053,0,0.3603515625,0,0.353515625,0,362
13,1,0.6513574495088938,1,0.6513574495088941,1,0.6845703125,1,0.6376953125,1,653
14,0,0.4953537867429291,0,0.4953537867429286,0,0.490234375,0,0.4892578125,0,501
15,0,0.09292214461441489,0,0.09292214461441452,0,0.08984375,0,0.0791015625,0,81
16,0,0.4178639380767645,0,0.4178639380767634,0,0.4462890625,0,0.4345703125,0,445
17,0,0.16254294466016128,0,0.16254294466016103,0,0.1650390625,0,0.15625,0,160
18,0,0.8313961380110141,1,0.8313961380110141,1,0.853515625,1,0.837890625,1,858
19,1,0.7954641914290095,1,0.7954641914290089,1,0.787109375,1,0.8125,1,832
